ticker,num_comments,comment_sentiment_average,latest_comment_date,score,upvote_ratio,date,domain,num_crossposts,author,timestamp,commentdate
long,39,0.35714285714285715,1610591795.0,56,0.81,1610544767.0,self.investing,1,Maxsh,2021-01-13 13:32:47,2021-01-14 02:36:35
full,53,0.75,1610670126.0,172,0.98,1610598776.0,self.investing,0,SongOfTheFates,2021-01-14 04:32:56,2021-01-15 00:22:06
okta,4,0.5,1610980800.0,2,0.67,1610895457.0,self.stocks,0,McEngine,2021-01-17 14:57:37,2021-01-18 14:40:00
full,17,-0.14285714285714285,1611031598.0,37,0.76,1610989987.0,self.investing,0,Fuocofire18,2021-01-18 17:13:07,2021-01-19 04:46:38
great,14,0.2857142857142857,1611054512.0,3,0.67,1611006662.0,self.stocks,0,ShocknAw33m,2021-01-18 21:51:02,2021-01-19 11:08:32
pltr,7,0.5,1611106898.0,5,0.86,1611099253.0,self.stocks,0,janitorguyeyy,2021-01-19 23:34:13,2021-01-20 01:41:38
pltr,6,0.5,1611122492.0,4,1.0,1611104737.0,self.stocks,0,Infinite_Prize287,2021-01-20 01:05:37,2021-01-20 06:01:32
pltr,48,0.07692307692307693,1611124378.0,65,0.84,1611082506.0,self.stocks,0,ALooongWalk,2021-01-19 18:55:06,2021-01-20 06:32:58
amd,21,0.45454545454545453,1611172358.0,10,0.73,1611119909.0,self.investing,0,pbnoj,2021-01-20 05:18:29,2021-01-20 19:52:38
full,12,0.2857142857142857,1611199080.0,5,0.67,1610649550.0,self.investing,1,TraderJones89,2021-01-14 18:39:10,2021-01-21 03:18:00
great,19,0.45454545454545453,1611225993.0,34,0.94,1611077313.0,self.stocks,0,kotsumu,2021-01-19 17:28:33,2021-01-21 10:46:33
pltr,11,0.2857142857142857,1611312700.0,21,0.82,1611223503.0,self.stocks,0,Shadedi,2021-01-21 10:05:03,2021-01-22 10:51:40
pltr,407,0.5785714285714286,1611431435.0,3263,0.97,1611279546.0,self.stocks,2,italiansomali,2021-01-22 01:39:06,2021-01-23 19:50:35
"squeeze,",3,0.5,1611495297.0,4,0.84,1611464672.0,self.stocks,0,Fuzzy-Monitor99,2021-01-24 05:04:32,2021-01-24 13:34:57
"squeeze,",4,0.5,1611499380.0,0,0.33,1611493346.0,self.stocks,0,MrOobbo,2021-01-24 13:02:26,2021-01-24 14:43:00
$tell,37,0.2727272727272727,1611575129.0,46,0.85,1611523600.0,self.investing,0,V3Capital,2021-01-24 21:26:40,2021-01-25 11:45:29
$tell,35,0.1111111111111111,1611579296.0,34,0.87,1611516288.0,self.stocks,0,Thedudeabides86,2021-01-24 19:24:48,2021-01-25 12:54:56
great,15,0.5,1611588115.0,18,0.86,1610924665.0,self.stocks,0,scarsofzsasz,2021-01-17 23:04:25,2021-01-25 15:21:55
$tell,22,0.875,1611594852.0,37,0.93,1611539619.0,self.stocks,0,V3Capital,2021-01-25 01:53:39,2021-01-25 17:14:12
quick,13,0.15384615384615385,1611597126.0,34,0.85,1611583320.0,self.wallstreetbets,0,bearpics16,2021-01-25 14:02:00,2021-01-25 17:52:06
gme),22,0.5384615384615384,1611599741.0,44,0.79,1611586469.0,self.wallstreetbets,0,artbay,2021-01-25 14:54:29,2021-01-25 18:35:41
,4,0.3333333333333333,1611601025.0,4,0.75,1611590104.0,self.stocks,0,jimreese89,2021-01-25 15:55:04,2021-01-25 18:57:05
blackberry,83,0.2222222222222222,1611601372.0,509,0.93,1611543831.0,self.investing,0,_MoveSwiftly,2021-01-25 03:03:51,2021-01-25 19:02:52
,16,-0.5,1611602146.0,24,0.87,1611593715.0,self.investing,0,goodfella27,2021-01-25 16:55:15,2021-01-25 19:15:46
$tell,81,0.47619047619047616,1611602226.0,256,0.87,1611506064.0,self.stocks,1,Eastern_Rich_4739,2021-01-24 16:34:24,2021-01-25 19:17:06
gme),20,0.25,1611603259.0,42,0.92,1611590046.0,self.wallstreetbets,0,Stonkgang_,2021-01-25 15:54:06,2021-01-25 19:34:19
$sbux,34,-0.07142857142857142,1611604336.0,17,0.61,1611597263.0,self.wallstreetbets,0,tombradyskisses,2021-01-25 17:54:23,2021-01-25 19:52:16
topgolf,36,0.30434782608695654,1611605004.0,147,0.93,1611583471.0,self.wallstreetbets,0,lFUCK,2021-01-25 14:04:31,2021-01-25 20:03:24
blackberry,3,0.3333333333333333,1611606136.0,38,1.0,1611527494.0,self.wallstreetbets,2,Ada_Diamonds,2021-01-24 22:31:34,2021-01-25 20:22:16
$nok,57,0.2619047619047619,1611606609.0,296,0.95,1611586160.0,self.wallstreetbets,0,JakcCSGO,2021-01-25 14:49:20,2021-01-25 20:30:09
-,111,0.23076923076923078,1611607925.0,418,0.92,1611604287.0,self.wallstreetbets,1,Laroxide,2021-01-25 19:51:27,2021-01-25 20:52:05
-,96,0.21666666666666667,1611608412.0,406,0.98,1611607425.0,self.wallstreetbets,0,5work,2021-01-25 20:43:45,2021-01-25 21:00:12
